{
  "meta": {
    "steps": 50,
    "batch": 16,
    "n": 128
  },
  "baseline": {
    "median_ms": 249.64066871325485,
    "mean_ms": 357.5622018494566,
    "std_ms": 291.61246034920595
  },
  "DSTP_K3_tbased": {
    "median_ms": 177.23968152859015,
    "mean_ms": 177.80639022870068,
    "std_ms": 29.153216169425423,
    "speedup": 1.4084919729049832
  },
  "DeepCache_b4_22_K3": {
    "median_ms": 183.28065791138215,
    "mean_ms": 186.91910962661495,
    "std_ms": 47.75372132759148,
    "speedup": 1.3620677247566317,
    "skip_range": [
      4,
      22
    ],
    "K": 3
  },
  "DeepCache_b6_20_K3": {
    "median_ms": 159.71256553166313,
    "mean_ms": 421.0568745863081,
    "std_ms": 593.961749429308,
    "speedup": 1.5630621666005573,
    "skip_range": [
      6,
      20
    ],
    "K": 3
  },
  "DeepCache_b4_22_K5": {
    "median_ms": 157.29856187681435,
    "mean_ms": 300.0156823254656,
    "std_ms": 319.1130971827003,
    "speedup": 1.5870499115481846,
    "skip_range": [
      4,
      22
    ],
    "K": 5
  }
}