{
  "meta": {
    "batch": 16,
    "num_steps": 20,
    "n_per_config": 256
  },
  "baseline": {
    "median_ms": 381.1600431363331,
    "mean_ms": 353.95748445113315,
    "std_ms": 199.2616675238518,
    "min_ms": 149.93052037607413
  },
  "K3_t0.3": {
    "median_ms": 294.4799567485461,
    "mean_ms": 318.8054518356115,
    "std_ms": 145.03943145582335,
    "min_ms": 124.87143857288174,
    "speedup": 1.2943496981759013,
    "K": 3,
    "policy": "t_based",
    "T_split": 0.3
  },
  "K3_t0.4": {
    "median_ms": 387.521541051683,
    "mean_ms": 470.43545432494614,
    "std_ms": 202.69097906325592,
    "min_ms": 237.5096763134934,
    "speedup": 0.9835841437405373,
    "K": 3,
    "policy": "t_based",
    "T_split": 0.4
  },
  "K3_t0.5": {
    "median_ms": 269.7755889967084,
    "mean_ms": 251.9311176292831,
    "std_ms": 108.81663060138236,
    "min_ms": 80.38863794354256,
    "speedup": 1.4128781798007075,
    "K": 3,
    "policy": "t_based",
    "T_split": 0.5
  },
  "K3_t0.6": {
    "median_ms": 183.13187506282702,
    "mean_ms": 268.15637296716557,
    "std_ms": 149.93743901642227,
    "min_ms": 125.36472381907515,
    "speedup": 2.0813418909491785,
    "K": 3,
    "policy": "t_based",
    "T_split": 0.6
  },
  "K3_t0.7": {
    "median_ms": 455.90661869209725,
    "mean_ms": 497.39348208029037,
    "std_ms": 214.0671096800081,
    "min_ms": 231.2443151313346,
    "speedup": 0.8360484965754681,
    "K": 3,
    "policy": "t_based",
    "T_split": 0.7
  },
  "K3_periodic": {
    "median_ms": 237.00835037743673,
    "mean_ms": 239.18002835390243,
    "std_ms": 107.66235504807275,
    "min_ms": 68.73183674179018,
    "speedup": 1.6082135609540096,
    "K": 3,
    "policy": "periodic",
    "T_split": 0.5
  }
}