{
  "meta": {
    "model": "JiT-H/16",
    "depth": 32,
    "steps": 50,
    "batch": 4,
    "n": 32
  },
  "baseline": {
    "median_ms": 1187.2306820005178,
    "mean_ms": 1219.9846510775387,
    "std_ms": 300.06583357907556,
    "speedup": 1.0
  },
  "partial_b4_28_K3_periodic": {
    "median_ms": 502.251933387015,
    "mean_ms": 564.3270783766638,
    "std_ms": 299.3162016250404,
    "speedup": 2.3638150559107673
  },
  "partial_b4_28_K3_tbased": {
    "median_ms": 593.4748413565103,
    "mean_ms": 1176.6039508705337,
    "std_ms": 1177.648879279351,
    "speedup": 2.000473481381039
  },
  "partial_b6_26_K3_periodic": {
    "median_ms": 618.3610811131075,
    "mean_ms": 801.5256139624398,
    "std_ms": 514.6946755462787,
    "speedup": 1.9199634619038315
  },
  "partial_b8_24_K3_tbased": {
    "median_ms": 507.0501452428289,
    "mean_ms": 629.2033975478262,
    "std_ms": 241.83433251967134,
    "speedup": 2.341446291139404
  }
}